{
    "MMM": {
        "posts_weighted_sentiment": 9.305555555555555,
        "posts_variance": 0.0,
        "total_post_votes": 62.0,
        "comments_weighted_sentiment": 5.0,
        "comments_variance": 0.0,
        "total_comment_votes": 0.0,
        "overall_weighted_sentiment": 9.305555555555555,
        "overall_variance": 0.0,
        "total_votes": 62.0
    },
    "UNH": {
        "posts_weighted_sentiment": 6.888888888888889,
        "posts_variance": 2.0987654320987654,
        "total_post_votes": 17.0,
        "comments_weighted_sentiment": 5.032258064516129,
        "comments_variance": 0.35379812695109264,
        "total_comment_votes": 21.0,
        "overall_weighted_sentiment": 6.083333333333333,
        "overall_variance": 2.243055555555556,
        "total_votes": 38.0
    },
    "INTC": {
        "posts_weighted_sentiment": 5.0,
        "posts_variance": 0.0,
        "total_post_votes": 0.0,
        "comments_weighted_sentiment": 5.0,
        "comments_variance": 0.0,
        "total_comment_votes": 22.0,
        "overall_weighted_sentiment": 5.0,
        "overall_variance": 0.0,
        "total_votes": 22.0
    },
    "KEY": {
        "posts_weighted_sentiment": 8.92619926199262,
        "posts_variance": 0.28975640309908635,
        "total_post_votes": 532.0,
        "comments_weighted_sentiment": 6.066666666666666,
        "comments_variance": 2.9955555555555557,
        "total_comment_votes": 5.0,
        "overall_weighted_sentiment": 8.919561243144424,
        "overall_variance": 0.3116283266880341,
        "total_votes": 537.0
    },
    "HD": {
        "posts_weighted_sentiment": 5.0,
        "posts_variance": 0.0,
        "total_post_votes": 103.0,
        "comments_weighted_sentiment": 6.565217391304348,
        "comments_variance": 2.2457466918714553,
        "total_comment_votes": 13.0,
        "overall_weighted_sentiment": 5.285714285714286,
        "overall_variance": 0.7755102040816326,
        "total_votes": 116.0
    },
    "FAST": {
        "posts_weighted_sentiment": 5.0,
        "posts_variance": 0.0,
        "total_post_votes": 103.0,
        "comments_weighted_sentiment": 4.6923076923076925,
        "comments_variance": 1.136094674556213,
        "total_comment_votes": 3.0,
        "overall_weighted_sentiment": 4.9655172413793105,
        "overall_variance": 0.13674197384066586,
        "total_votes": 106.0
    },
    "WMT": {
        "posts_weighted_sentiment": 5.0,
        "posts_variance": 0.0,
        "total_post_votes": 103.0,
        "comments_weighted_sentiment": 3.723404255319149,
        "comments_variance": 8.838388411045722,
        "total_comment_votes": 37.0,
        "overall_weighted_sentiment": 4.6,
        "overall_variance": 3.1200000000000006,
        "total_votes": 140.0
    },
    "CLF": {
        "posts_weighted_sentiment": 7.734513274336283,
        "posts_variance": 0.0,
        "total_post_votes": 103.0,
        "comments_weighted_sentiment": 5.2727272727272725,
        "comments_variance": 0.0,
        "total_comment_votes": 1.0,
        "overall_weighted_sentiment": 7.7368421052631575,
        "overall_variance": 0.7202216066481993,
        "total_votes": 104.0
    },
    "NOV": {
        "posts_weighted_sentiment": 5.0,
        "posts_variance": 0.0,
        "total_post_votes": 103.0,
        "comments_weighted_sentiment": 5.0,
        "comments_variance": 0.0,
        "total_comment_votes": 0.0,
        "overall_weighted_sentiment": 5.0,
        "overall_variance": 0.0,
        "total_votes": 103.0
    },
    "MAR": {
        "posts_weighted_sentiment": 5.0,
        "posts_variance": 0.0,
        "total_post_votes": 0.0,
        "comments_weighted_sentiment": 5.5,
        "comments_variance": 1.25,
        "total_comment_votes": 8.0,
        "overall_weighted_sentiment": 5.5,
        "overall_variance": 1.25,
        "total_votes": 8.0
    },
    "AMD": {
        "posts_weighted_sentiment": 6.468354430379747,
        "posts_variance": 3.717352988303156,
        "total_post_votes": 306.0,
        "comments_weighted_sentiment": 3.5174825174825175,
        "comments_variance": 6.851092962981077,
        "total_comment_votes": 133.0,
        "overall_weighted_sentiment": 5.5612472160356345,
        "overall_variance": 6.700591762937686,
        "total_votes": 439.0
    },
    "NVDA": {
        "posts_weighted_sentiment": 6.0,
        "posts_variance": 2.0,
        "total_post_votes": 104.0,
        "comments_weighted_sentiment": 3.043010752688172,
        "comments_variance": 6.901375881604809,
        "total_comment_votes": 83.0,
        "overall_weighted_sentiment": 4.654822335025381,
        "overall_variance": 6.682882836455462,
        "total_votes": 187.0
    },
    "TGT": {
        "posts_weighted_sentiment": 5.224824355971897,
        "posts_variance": 0.8487514328494097,
        "total_post_votes": 417.0,
        "comments_weighted_sentiment": 5.333333333333333,
        "comments_variance": 0.0,
        "total_comment_votes": 2.0,
        "overall_weighted_sentiment": 5.233100233100233,
        "overall_variance": 0.8594171950815307,
        "total_votes": 419.0
    },
    "PFE": {
        "posts_weighted_sentiment": 5.0,
        "posts_variance": 0.0,
        "total_post_votes": 0.0,
        "comments_weighted_sentiment": 3.4285714285714284,
        "comments_variance": 4.816326530612245,
        "total_comment_votes": 11.0,
        "overall_weighted_sentiment": 3.4285714285714284,
        "overall_variance": 4.816326530612245,
        "total_votes": 11.0
    },
    "F": {
        "posts_weighted_sentiment": 5.0,
        "posts_variance": 0.0,
        "total_post_votes": 0.0,
        "comments_weighted_sentiment": 5.0,
        "comments_variance": 0.0,
        "total_comment_votes": 2.0,
        "overall_weighted_sentiment": 5.0,
        "overall_variance": 0.0,
        "total_votes": 2.0
    },
    "XOM": {
        "posts_weighted_sentiment": 5.0,
        "posts_variance": 0.0,
        "total_post_votes": 0.0,
        "comments_weighted_sentiment": 5.0,
        "comments_variance": 0.0,
        "total_comment_votes": 0.0,
        "overall_weighted_sentiment": 5.0,
        "overall_variance": 0.0,
        "total_votes": 0.0
    },
    "V": {
        "posts_weighted_sentiment": 8.950556242274413,
        "posts_variance": 0.195330345724322,
        "total_post_votes": 799.0,
        "comments_weighted_sentiment": 5.0,
        "comments_variance": 0.0,
        "total_comment_votes": 0.0,
        "overall_weighted_sentiment": 8.950556242274413,
        "overall_variance": 0.195330345724322,
        "total_votes": 799.0
    },
    "DOW": {
        "posts_weighted_sentiment": 1.0078647267007472,
        "posts_variance": 0.0,
        "total_post_votes": 5076.0,
        "comments_weighted_sentiment": 4.3076923076923075,
        "comments_variance": 1.597633136094675,
        "total_comment_votes": 3.0,
        "overall_weighted_sentiment": 1.0084495971703675,
        "overall_variance": 0.03195847265114446,
        "total_votes": 5079.0
    },
    "MO": {
        "posts_weighted_sentiment": 5.0,
        "posts_variance": 0.0,
        "total_post_votes": 0.0,
        "comments_weighted_sentiment": 3.6666666666666665,
        "comments_variance": 0.0,
        "total_comment_votes": 5.0,
        "overall_weighted_sentiment": 3.6666666666666665,
        "overall_variance": 0.0,
        "total_votes": 5.0
    },
    "GOOG": {
        "posts_weighted_sentiment": 7.865350089766607,
        "posts_variance": 0.3858191323743187,
        "total_post_votes": 547.0,
        "comments_weighted_sentiment": 4.7272727272727275,
        "comments_variance": 0.0,
        "total_comment_votes": 1.0,
        "overall_weighted_sentiment": 7.854838709677419,
        "overall_variance": 0.4466701352757544,
        "total_votes": 548.0
    },
    "UPS": {
        "posts_weighted_sentiment": 5.0,
        "posts_variance": 0.0,
        "total_post_votes": 66.0,
        "comments_weighted_sentiment": 5.0,
        "comments_variance": 0.0,
        "total_comment_votes": 0.0,
        "overall_weighted_sentiment": 5.0,
        "overall_variance": 0.0,
        "total_votes": 66.0
    },
    "GPS": {
        "posts_weighted_sentiment": 5.0,
        "posts_variance": 0.0,
        "total_post_votes": 0.0,
        "comments_weighted_sentiment": 5.0,
        "comments_variance": 0.0,
        "total_comment_votes": 4.0,
        "overall_weighted_sentiment": 5.0,
        "overall_variance": 0.0,
        "total_votes": 4.0
    },
    "LEG": {
        "posts_weighted_sentiment": 5.0,
        "posts_variance": 0.0,
        "total_post_votes": 0.0,
        "comments_weighted_sentiment": 5.0,
        "comments_variance": 0.0,
        "total_comment_votes": 4.0,
        "overall_weighted_sentiment": 5.0,
        "overall_variance": 0.0,
        "total_votes": 4.0
    },
    "DISCA": {
        "posts_weighted_sentiment": 5.0,
        "posts_variance": 0.0,
        "total_post_votes": 0.0,
        "comments_weighted_sentiment": 5.0,
        "comments_variance": 0.0,
        "total_comment_votes": 1.0,
        "overall_weighted_sentiment": 5.0,
        "overall_variance": 0.0,
        "total_votes": 1.0
    },
    "AMZN": {
        "posts_weighted_sentiment": 8.106598984771574,
        "posts_variance": 2.775438686902523,
        "total_post_votes": 187.0,
        "comments_weighted_sentiment": 5.363636363636363,
        "comments_variance": 0.0,
        "total_comment_votes": 1.0,
        "overall_weighted_sentiment": 8.11111111111111,
        "overall_variance": 2.7654320987654315,
        "total_votes": 188.0
    },
    "HUM": {
        "posts_weighted_sentiment": 7.944649446494465,
        "posts_variance": 0.0,
        "total_post_votes": 532.0,
        "comments_weighted_sentiment": 5.0,
        "comments_variance": 0.0,
        "total_comment_votes": 0.0,
        "overall_weighted_sentiment": 7.944649446494465,
        "overall_variance": 0.0,
        "total_votes": 532.0
    },
    "SE": {
        "posts_weighted_sentiment": 8.92619926199262,
        "posts_variance": 0.0,
        "total_post_votes": 532.0,
        "comments_weighted_sentiment": 5.0,
        "comments_variance": 0.0,
        "total_comment_votes": 0.0,
        "overall_weighted_sentiment": 8.92619926199262,
        "overall_variance": 0.0,
        "total_votes": 532.0
    },
    "C": {
        "posts_weighted_sentiment": 8.92619926199262,
        "posts_variance": 0.0,
        "total_post_votes": 532.0,
        "comments_weighted_sentiment": 5.0,
        "comments_variance": 0.0,
        "total_comment_votes": 0.0,
        "overall_weighted_sentiment": 8.92619926199262,
        "overall_variance": 0.0,
        "total_votes": 532.0
    },
    "K": {
        "posts_weighted_sentiment": 8.92619926199262,
        "posts_variance": 0.0,
        "total_post_votes": 532.0,
        "comments_weighted_sentiment": 5.0,
        "comments_variance": 0.0,
        "total_comment_votes": 0.0,
        "overall_weighted_sentiment": 8.92619926199262,
        "overall_variance": 0.0,
        "total_votes": 532.0
    },
    "BA": {
        "posts_weighted_sentiment": 7.944649446494465,
        "posts_variance": 0.0,
        "total_post_votes": 532.0,
        "comments_weighted_sentiment": 5.0,
        "comments_variance": 0.0,
        "total_comment_votes": 0.0,
        "overall_weighted_sentiment": 7.944649446494465,
        "overall_variance": 0.0,
        "total_votes": 532.0
    },
    "LMT": {
        "posts_weighted_sentiment": 5.0,
        "posts_variance": 0.0,
        "total_post_votes": 0.0,
        "comments_weighted_sentiment": 5.0,
        "comments_variance": 0.0,
        "total_comment_votes": 14.0,
        "overall_weighted_sentiment": 5.0,
        "overall_variance": 0.0,
        "total_votes": 14.0
    },
    "ICE": {
        "posts_weighted_sentiment": 8.863636363636363,
        "posts_variance": 0.0,
        "total_post_votes": 34.0,
        "comments_weighted_sentiment": 5.0,
        "comments_variance": 0.0,
        "total_comment_votes": 0.0,
        "overall_weighted_sentiment": 8.863636363636363,
        "overall_variance": 0.0,
        "total_votes": 34.0
    }
}